Name,Sequence
Nsp1_F1,GAATTCCAGCTGACCACCatggagagccttgtccctggt
Nsp2_F1,GAATTCCAGCTGACCACCATGgcatacactcgctatgtcgat
Nsp3_F1,GAATTCCAGCTGACCACCATGgcaccaacaaaggttacttttg
Nsp4_F1,GAATTCCAGCTGACCACCATGaaaattgttaataattggttgaagc
Nsp5_F1,GAATTCCAGCTGACCACCATGagtggttttagaaaaatggcatt
Nsp6_F1,GAATTCCAGCTGACCACCATGagtgcagtgaaaagaacaatc
Nsp7_F1,GAATTCCAGCTGACCACCATGtctaaaatgtcagatgtaaagtgc
Nsp8_F1,GAATTCCAGCTGACCACCATGgctatagcctcagagtttagt
Nsp9_F1,GAATTCCAGCTGACCACCATGaataatgagcttagtcctgttg
Nsp10_F1,GAATTCCAGCTGACCACCATGgctggtaatgcaacagaagtg
Nsp12_F1,GAATTCCAGCTGACCACCATGtcagctgatgcacaatcgtttttaaaccgggtttgcggtgtaagtgc
Nsp13_F1,GAATTCCAGCTGACCACCATGgctgttggggcttgtgttctt
Nsp14_F1,GAATTCCAGCTGACCACCATGgctgaaaatgtaacaggacttt
Nsp15_F1,GAATTCCAGCTGACCACCATGagtttagaaaatgtggcttttaat
Nsp16_F1,GAATTCCAGCTGACCACCATGtctagtcaagcgtggcaacc
S_F1,GAATTCCAGCTGACCACCatgtttgtttttcttgttttattgc
Orf3_F1,GAATTCCAGCTGACCACCatggatttgtttatgagaatcttc
E_F1,GAATTCCAGCTGACCACCatgtactcattcgtttcggaag
M_F1,GAATTCCAGCTGACCACCatggcagattccaacggtac
Orf6_F1,GAATTCCAGCTGACCACCatgtttcatctcgttgactttc
Orf7_F1,GAATTCCAGCTGACCACCatgaaaattattcttttcttggca
Orf8_F1,GAATTCCAGCTGACCACCatgaaatttcttgttttcttagga
N_F1,GAATTCCAGCTGACCACCatgtctgataatggaccccaaa
Orf10_F1,GAATTCCAGCTGACCACCatgggctatataaacgttttcg
Nsp1_R1,GATCCCCGGGAATTGCCATGTCATTAccctccgttaagctcacgcat
Nsp2_R1,GATCCCCGGGAATTGCCATGTCATTAaccgcctttgagtgtgaaggt
Nsp3_R1,GATCCCCGGGAATTGCCATGTCATTAaccacccttaagtgctatcttt
Nsp4_R1,GATCCCCGGGAATTGCCATGTCATTActgcaaaacagctgaggtga
Nsp5_R1,GATCCCCGGGAATTGCCATGTCATTAttggaaagtaacacctgagca
Nsp6_R1,GATCCCCGGGAATTGCCATGTCATTActgtacagtggctactttgat
Nsp7_R1,GATCCCCGGGAATTGCCATGTCATTAttgtaaggttgccctgttgtc
Nsp8_R1,GATCCCCGGGAATTGCCATGTCATTActgtaatttgacagcagaattg
Nsp9_R1,GATCCCCGGGAATTGCCATGTCATTAttgtagacgtactgtggcag
Nsp10_R1,GATCCCCGGGAATTGCCATGTCATTActgaagcatgggttcgcgg
Nsp12_R1,GATCCCCGGGAATTGCCATGTCATTActgtaagactgtatgcggtgt
Nsp13_R1,GATCCCCGGGAATTGCCATGTCATTAttgtaaagttgccacattcctac
Nsp14_R1,GATCCCCGGGAATTGCCATGTCATTActgaagtcttgtaaaagtgttc
Nsp15_R1,GATCCCCGGGAATTGCCATGTCATTAttgtaattttgggtaaaatgtttct
Nsp16_R1,GATCCCCGGGAATTGCCATGTCAttagttgttaacaagaacatcact
S_R1,GATCCCCGGGAATTGCCATGTCAttatgtgtaatgtaatttgactcct
Orf3_R1,GATCCCCGGGAATTGCCATGTCAttacaaaggcacgctagtag
E_R1,GATCCCCGGGAATTGCCATGTCAttagaccagaagatcaggaact
M_R1,GATCCCCGGGAATTGCCATGTCAttactgtacaagcaaagcaata
Orf6_R1,GATCCCCGGGAATTGCCATGTCAttaatcaatctccattggttgc
Orf7_R1,GATCCCCGGGAATTGCCATGTCATTAttctgtctttcttttgagtgtg
Orf8_R1,GATCCCCGGGAATTGCCATGTCAttagatgaaatctaaaacaacacg
N_R1,GATCCCCGGGAATTGCCATGTCAttaggcctgagttgagtcag
Orf10_R1,GATCCCCGGGAATTGCCATGTCATTAtgtgagattaaagttaactacatc
A-Flag-Nsp16-F,gaattccagctgaccaccGATTACAAGGATGACGACGATAAGTAAatgtctagtcaagcgtggcaacc
A-Flag-Nsp16-F2,gaattccagctgaccaccATGGATTACAAGGATGACGACGATAAGTAAatgtctagtcaagcgtggcaacc
C-Flag-Nsp10-F2,acgaaagggcctcgtgtcgATGgattacaaggatgacgacgataagaTGGCTGGTAATGCAACAGAAG
A-Flag-Nsp16-F3,gaattccagctgaccaccATGgattacaaggatgacgacgataagATGTCTAGTCAAGCGTGGCAACC
A-Flag-Nsp10-F,gaattccagctgaccaccATGgattacaaggatgacgacgataagATGGCTGGTAATGCAACAGAAG
nsp14_inside_R,GTGTAGGTGCCTGTGTAGGATGTAACCC
A-Link-mTQ,GAATTCCAGCTGACCACCgtttaa
A-Flag-Nsp10-F3,gaattccagctgaccaccATGgattacaaggatgacgacgataagATGGGTAATGCAACAGAAGTGC
Nsp10-Stop-B-R3,gatccccgggaattgccatgTTAaagcatgggttcgcgg
C-Flag-Nsp10-F3,gacgaaagggcctcgtgtcgATGgattacaaggatgacgacgataagATGGGTAATGCAACAGAAGTGC
Nsp10-stop-D-R3,gaatctttttattgtcagttcgTTAaagcatgggttcgcgg
Abd1-F,AAATGGATTGAGAGGTTTTCGCC
C-KanMX-F,GACGAAAGGGCCTCGTGTCGgacatggaggcccagaataccc
D-KanMX-R,GAATCTTTTTATTGTCAGTTCGcagtatagcgaccagcattcacatac
Nsp10-K94E-F,CCTAAAGGATTTTGTGACTTAgAAGGTAAG
Nsp10-K94E-R,GTAGGTATTTGTACATACTTACCTTcTAAGTCAC
Nsp10-V43A-F,GGGACAACCAATCACTAATTGTGcTAA
Nsp10-V43A-R,GTGTGTGTACACAACATCTTAgCACAA
Nsp16-K46A-F,gatgaatgtcgcaGCGtatactcaactgtgtc
Nsp16-K46A-R,gacacagttgagtataCGCtgcgacattcatc
Nsp16-D130A-F,cattattagtGCGatgtacgaccctaagac
Nsp16-D130A-R,gtcttagggtcgtacatCGCactaataatgag
Nsp16-K170A-F,ccgtggctataGCGataacagaacattcttg
Nsp16-K170A-R,caagaatgttctgttatCGCtatagccacgg
Nsp16-E230A-F,gcgtcatcatctGCGgcatttttaattgg
Nsp16-E230A-R,ccaattaaaaatgcCGCagatgatgacgc
C-Nsp10-CS-F,acgaaagggcctcgtgtcgATGGGTAATGCAACAGAAG
Ado1-F,GGGTACCAGCACATATCCAGTCA
Z-pABD1-F,gaccatgattacgccaagcgGCTAGTTTTTTCCTCCTTTCCTCCA
pABD1-A-R,gtggtcagctggaattcTCTACTTTTCTAAGACGGATAATGGACG
Z-pTPI1-F,gaccatgattacgccaagcgCTACGTATGGTCATTTCTTCTTCAGAT
pTPI1-A-R,ggtggtcagctggaattcTTTTAGTTTATGTATGTGTTTTTTGTAG 
A-RNMT-F,GAATTCCAGCTGACCACCatggcaaattct         
RNMT-B-R,GATCCCCGGGAATTGCCATGtcactgctgtttctcaaag
Ado1-F1,AACCCACTTTTAGATTTCCAAGCC